Profession|Salary|Company Name|Location|Start Date|Telephone|Email|Job Description|Ref.-Nr.|External Link|Application Link
Anlagenmechaniker/in - Sanitär-, Heizungs- und Klimatechnik||"Arbeitgeber:
Schnepf Gebäudetechnik GmbH"|Ulmer Str. 2, 86660 Tapfheim|Beginn ab 01.09.2026|[]|['info@schnepf-technik.com']|"Wir sind ein mittelständischer Familienbetrieb im Bereich Sanitär-, Heizungs- und Klimatechnik (SHK), sowie Elektro mit langjähriger Erfahrung und einem breiten Spektrum an Dienstleistungen.
Starte jetzt deine Zukunft im Handwerk bei uns – mit Technik, Teamwork und echten Perspektiven!
Deine Aufgaben - Du machst Zukunft möglich:
Du bist bei spannenden Einsätzen direkt beim Kunden und im Betrieb dabei
Du installierst moderne, altersgerechte Badezimmer – von stylisch bis barrierefrei
Du bringst innovative Heizsysteme wie Wärmepumpen, Solaranlagen & Co. zum Laufen
Du modernisierst alte Heizungsanlagen und sorgst für mehr Energieeffizienz
Du montierst Klima- und Lüftungsanlagen für frische Luft und gutes Raumklima
Dein Profil - Du hast Bock auf Handwerk:
Du hast einen guten Haupt- oder Realschulabschluss (oder bist auf dem Weg dahin)
Du bist handwerklich geschickt, motiviert und arbeitest gern im Team
Du bist zuverlässig und arbeitest sorgfältig
Du hast Interesse an Technik und Mathe ist für dich kein Fremdwort
Deine Ausbildung bei uns - Mehr als nur Theorie:
Ein sicherer Ausbildungsplatz in einer Branche mit Zukunft
Coole Firmenevents wie Weihnachtsfeier & mehr
Persönliche Arbeitskleidung und Schutzausrüstung – alles, was du brauchst
Ein abwechslungsreicher Alltag mit echten Herausforderungen und Erfolgserlebnissen
Wir freuen uns auf DEINE Bewerbung!"|10001-1001724604-S|https://schnepf-technik.com/|
Zahnmedizinische/r Fachangestellte/r|900 €/Monat|"Arbeitgeber:
Janine Behnke Zahnärztin"|Georgenstr. 20, 80799 München|Beginn ab 01.09.2025|['+49 1525 3908848']|['florian@zahnaerztin-behnke.de']|"Azubi ZFA gesucht!
Zahnarztpraxis Janine Behnke
Wir suchen für unsere moderne Zahnarztpraxis mit einem kleinen, familiären Team mitten in Schwabing zum nächstmöglichen Termin eine Auszubildende zur ZFA.
Bei uns erwartet Sie:
-ein richtig nettes Team
-ein hochmoderner Arbeitsplatz
-eine unbefristete Anstellung
-Übernahme der Fahrtkosten (Deutschlandticket)
-flexible Urlaubsgestaltung
Voraussetzungen:
Mittlerer Schulabschluss oder qualifizierender Hauptschulabschluss
Auch Wechsler sind herzlich willkommen sich zu bewerben.
Bewerben Sie sich gerne sofort bei uns!
Ein kurzer Anruf bzw. eine E-Mailgenügt...
E-Mail: florian@zahnaerztin-behnke.de
Ich freue mich auf Ihre Kontaktaufnahme!
Janine Behnke"|10001-1001724538-S||
Bauzeichner/in||"Arbeitgeber:
Reinhold Huth Architekturbüro"|Dr.-Baur-Siedlung 6 a, 96224 Burgkunstadt|Beginn ab 01.09.2025|['+49 9572 790083', '+49 9572 790085']|['m.huth@architekturbuero-huth.de']|"Für interessante Projekte im Bereich Schulbau, Denkmalschutz und Wohnbau suchen wir eine engagierte Auszubildende/ einen Auszubildenden zum Bauzeichner für die LPH 2-5 in der Architektur.
Ihre Aufgaben:
• umfassen die Bearbeitung der Leistungsphasen 2-5 gemäß HOAI,
Ihr Profil:
• abgeschlossenes Schulausbildung zur mittleren Reife oder Abitur
• Erfahrung im technischem Zeichnen, CAD oder Skizzieren
• ein hoher gestalterischer Anspruch
• präzise und effektive Arbeitsweise und Teamfähigkeit
• gute Deutschkenntnisse
Wir bieten:
• eine fachgerechte Ausbildung zum Bauzeichner
• eine attraktive, leistungsgerechte Vergütung
• ein vielseitiges und interessantes Aufgabengebiet mit anspruchsvollen Projekten (Schulen, Kindergärten, Wohnungsbauten und Brandschutzplanung)
• die Möglichkeit zur selbstständigen und eigenverantwortlichen Projektbetreuung
• eine angenehme, inspirierende Arbeitsatmosphäre im Team
• die Möglichkeit zur beruflichen Weiterentwicklung durch die Teilnahme an Schulungen und Fortbildungsveranstaltungen
• feste Arbeitszeiten, Vollzeit
Wer wir sind:
Das Architekturbüro Huth plant seit 45 Jahren Projekte im Neubau, im Nachhaltigen Bauen und in der Sanierung. Wir sind im Schulbau und in der Denkmalpflege in der Region erfolgreich tätig.
Wir freuen uns über Ihre Bewerbung mit Angabe Ihrer Gehaltsvorstellung und Ihres möglichen Eintrittstermins."|10001-1001724501-S||
Holzmechaniker/in-Herst. v. Bauelement.,Holzpackm. u. Rahmen||"Arbeitgeber:
BROPACK Bronner Packmittel GmbH"|Schloßwiesenstr. 27, 72175 Dornhan||['+49 7455 94730']|['bewerbung@bropack.de', 'bewerbung@bropack.de']|"Ausbildung zum Holzmechaniker (m/w/d/keine Angaben) in Dornhan
zur Verstärkung unseres Teams gesucht
Was Sie erwartet
Eine vielfältige Ausbildung über einen Zeitraum von 3 Jahren
Herstellung und Montage verschiedener Holzverpackungen
Umgang mit einem natürlichen und nachwachsenden Rohstoff (Holz)
Arbeiten mit modernen Holzbearbeitungsmaschinen (einschließlich Wartung und Pflege)
Anfertigung und Montage von Sonderlösungen und Einzelteilen
Flache Hierarchien in einem Familienunternehmen
Überdurchschnittliche soziale Leistungen
Teamarbeit
Verpackungs- und Logistikdienstleistungen für unsere Kunden
Abwechslungsreiche Aufgaben
Zukunftsperspektiven (spätere Übernahme möglich)
Unterstützung bei Weiterbildungen nach Abschluss der Ausbildung
Was Sie mitbringen sollten
Hauptschulabschluss oder einen mittleren Bildungsabschluss
Organisationstalent, Sorgfalt sowie Zuverlässigkeit
Ausgezeichnete Auffassungsgabe und Lernbereitschaft
Räumliches Denkvermögen und Belastbarkeit
Was wir Dir bieten
Jeder Auszubildende erhält ein E-Bike während seiner Ausbildungsdauer
Anerkennung für gute Leistungen
Ein abwechslungsreiches Arbeitsumfeld in einem erfahrenen, freundlichen und familiären Team
Duale Ausbildung in Betrieb und Berufsschule
Die Ausbildungsdauer beträgt 3 Jahre
Eine überbetriebliche Ausbildung ins möglich
Etwas über uns
Seit 1963 sorgen wir dafür, daß Transportgüter jeder Art weltweit sicher ans Ziel gelangen. Vom Standardangebot an Holzverpackungen wie Paletten, und Versandkisten, Sperrholzfaltkisten, Kombinationsverpackungen Holz- Wellpappe, bis hin zu biBOX Mehrwegverpackungen reicht das Angebot.
Neben den Transportverpackungen für alle Industriezweige bieten wir zahlreiche Zusatzleistungen wie die IPPC Hitzebehandlung, Sonderpaletten und zertifizierter Verpackungsservice Ihrer Maschine vor Ort.
Klingt das gut? Dann bewirb Dich jetzt. Wir freuen uns auf Dich!"|15724-k52916.1477-S||https://k52916.coveto.de/job-ausbildung-zum-holzmechaniker-m-w-d-keine-angaben-dornhan-1477.html
Fachkraft - Lagerlogistik||"Arbeitgeber:
BROPACK Bronner Packmittel GmbH"|Schloßwiesenstr. 27, 72175 Dornhan||['+49 7455 94730']|['bewerbung@bropack.de', 'bewerbung@bropack.de']|"Ausbildung zur Fachkraft für Lagerlogistik (m/w/d/keine Angaben) in Dornhan
zur Verstärkung unseres Teams gesucht
Aufgabenbereich für Fachkräfte in der Lagerlogistik
In dieser interessanten Position erwarten Sie folgende Tätigkeiten:
Effizientes Kommissionieren von Waren unter Berücksichtigung der Bestellvorgaben.
Präzises Einlagern von Gütern in die entsprechenden Lagerbereiche.
Durchführung von Bestandsprüfungen zur Gewährleistung der Lagergenauigkeit.
Bedienung von Flurförderzeugen zur optimalen Warenbewegung im Lager.
Koordination und Organisation von Wareneingängen und -ausgängen.
Was Sie mitbringen sollten
Hauptschulabschluss oder einen mittleren Bildungsabschluss
Organisationstalent, Gewissenhaftigkeit und Verlässlichkeit
Ausgeprägte Auffassungsgabe und Lernwilligkeit
Räumliches Denkvermögen und Belastbarkeit
Was wir Dir bieten
Jeder Auszubildende erhält ein E-Bike während seiner Ausbildungsdauer
Anerkennung für gute Leistungen
Ein abwechslungsreiches Arbeitsumfeld in einem erfahrenen, freundlichen und familiären Team
Duale Ausbildung in Betrieb und Berufsschule
Die Ausbildungsdauer beträgt 3 Jahre
Etwas über uns
Seit 1963 sorgen wir dafür, daß Transportgüter jeder Art weltweit sicher ans Ziel gelangen. Vom Standardangebot an Holzverpackungen wie Paletten, und Versandkisten, Sperrholzfaltkisten, Kombinationsverpackungen Holz- Wellpappe, bis hin zu biBOX Mehrwegverpackungen reicht das Angebot.
Neben den Transportverpackungen für alle Industriezweige bieten wir zahlreiche Zusatzleistungen wie die IPPC Hitzebehandlung, Sonderpaletten und zertifizierter Verpackungsservice Ihrer Maschine vor Ort.
Klingt das gut? Dann bewirb Dich jetzt. Wir freuen uns auf Dich!"|15724-k52916.1478-S||https://k52916.coveto.de/job-ausbildung-zur-fachkraft-fuer-lagerlogistik-m-w-d-keine-angaben-dornhan-1478.html
Fachkraft - Lagerlogistik||"Arbeitgeber:
BROPACK Bronner Packmittel GmbH"|Schloßwiesenstr. 27, 72175 Dornhan||['+49 7455 94730']|['bewerbung@bropack.de', 'bewerbung@bropack.de']|"Wir bieten zum nächstmöglichen Ausbildungsbeginn folgenden Ausbildungsplatz an:
Ausbildung zum Industriekaufmann (m/w/d)
Was Sie erwartet
Eine vielfältige kaufmännische Ausbildung über einen Zeitraum von drei Jahren
Ein umfassender Einblick in sämtliche kaufmännischen Abteilungen, wie beispielsweise Einkauf, Vertrieb, Arbeitsvorbereitung, Buchhaltung und Personalwesen
Einblicke in die Produktionsabläufe, um die Produkte näher kennenzulernen
Zusammenarbeit im Team
Perspektiven für die Zukunft (eine spätere Übernahme ist möglich)
Was Sie mitbringen sollten
Mittlere Reife oder vergleichbarer Bildungsabschluss
Fundierte Kenntnisse in der Anwendung von MS Office Programmen
Exzellente Deutschkenntnisse in Wort und Schrift
Teamfähigkeit
Selbstständigkeit, Eigenverantwortung und Verlässlichkeit
Was wir Ihnen bieten
Jeder Auszubildende erhält ein E-Bike während seiner Ausbildungsdauer
Anerkennung für gute Leistungen
Ein abwechslungsreiches Arbeitsumfeld in einem erfahrenen, freundlichen und familiären Team
Etwas über uns
BROPACK Bronner Packmittel GmbH mit Sitz in Dornhan fertigt individuelle Holzverpackungen wie Paletten, Versandkisten, Faltkisten, Kombinationsverpackungen Holz- Wellpappe, Mehrwegverpackungen und vieles mehr. Wir bieten folgenden Ausbildungsplatz an:
So geht es weiter
Bewirb Dich bitte direkt online, indem Du auf den ""Jetzt auf diese Stelle bewerben"" Button klickst.
Deine Bewerbung wird von uns gesichtet und wir werden uns schnellstmöglich bei Dir melden - versprochen.
Danach vereinbaren wir einen Termin für ein persönliches Kennenlernen und besprechen alle Einzelheiten.
Bei Fragen vorab kannst Du gerne Kontakt zu uns aufnehmen.
Klingt das gut? Dann bewirb Dich jetzt. Wir freuen uns auf Dich!"|15724-k52916.1480-S||https://k52916.coveto.de/job-ausbildung-zum-industriekaufmann-m-w-d-dornhan-1480.html
Erzieher/in||"Arbeitgeber:
SDK Kallenbach & Partner"|26349 Jade||[]|['info@sdk-partner.de']|"Im Rahmen unserer Jugendhilfeeinrichtungen
Jespers Hof und Juuls Hof (traumapädagogische Einrichtung) in Jaderberg
bieten wir attraktive Ausbildungsmöglichkeiten im Rahmen der Aubildung zum/zur staatliche anerkannten Erzieher:in.
Die Ausbildung befähigt Sie dazu, selbstständig und eigenverantwortlich Bildungs-, Erziehungs- und Betreuungsaufgaben in sozialpädagogischen Tätigkeitsfeldern zu gestalten.
Diese vertiefte berufliche Ausbildung richtet sich an bewerbende Personen mit einer einschlägigen beruflichen Erstausbildung  oder einer ausreichenden einschlägigen praktischen Berufstätigkeit.
Sie werden als Erstkraft für Tätigkeitsfelder der Kinder-, Jugend- und Erwachsenenarbeit ausgebildet. Hierzu gehören u.a. Tageseinrichtungen für Kinder, Kinder- und Jugendarbeit, Hilfen zur Erziehung, sozialpädagogische Tätigkeiten in der Schule sowie Tätigkeiten im Arbeitsbereich „Menschen mit besonderen Bedürfnissen“. In der Ausbildung zur Erzieherin und zum Erzieher professionalisieren Sie Ihre bereits erworbenen pädagogischen Kernkompetenzen wie Beobachtungs- und Analysefähigkeit, Fähigkeit zur pädagogischen Beziehungsgestaltung sowie zur Planung, Durchführung, Dokumentation und Evaluation pädagogischer Prozesse.
Mit dem Bestehen der Abschlussprüfung wird die Berechtigung erworben, die Berufsbezeichnung „staatlich anerkannte Erzieherin/ staatlich anerkannter Erzieher“ zu führen (Bachelor Professional in Sozialwesen). Zudem erwerben Sie die Fachhochschulreife.
Die tätigkeitsbegleitende Ausbildung zur Erzieherin und zum Erzieher dauert 3 Jahre."|10001-1001724368-S|https://www.sdk-partner.de/|
Fachmann/-frau - Systemgastronomie||"Arbeitgeber:
McDonald's"||Beginn ab 01.09.2025|[]|[]||12857-10412879-S|https://www.azubi.de/ausbildungsplatz/10412879-p-?utm_campaign=BAG&utm_medium=premiumcpc&utm_source=BAG|
Industriemechaniker/in||"Arbeitgeber:
Deutsche Bahn AG"||Beginn ab 01.09.2026|[]|[]||12857-10412877-S|https://www.azubi.de/ausbildungsplatz/10412877-p-?utm_campaign=BAG&utm_medium=premiumcpc&utm_source=BAG|
Elektroniker/in - Automatisierungstechnik||"Arbeitgeber:
Deutsche Bahn AG"||Beginn ab 01.09.2025|[]|[]||12857-10412876-S|https://www.azubi.de/ausbildungsplatz/10412876-p-?utm_campaign=BAG&utm_medium=premiumcpc&utm_source=BAG|
Eisenbahner/in - Betriebsdienst - Lokführer/in und Transport||"Arbeitgeber:
Deutsche Bahn AG"||Beginn ab 01.09.2025|[]|[]||12857-10412875-S|https://www.azubi.de/ausbildungsplatz/10412875-p-?utm_campaign=BAG&utm_medium=premiumcpc&utm_source=BAG|
Eisenbahner/in - Betriebsdienst - Lokführer/in und Transport||"Arbeitgeber:
Deutsche Bahn AG"||Beginn ab 01.09.2025|[]|[]||12857-10412873-S|https://www.azubi.de/ausbildungsplatz/10412873-p-?utm_campaign=BAG&utm_medium=premiumcpc&utm_source=BAG|
Zahnmedizinische/r Fachangestellte/r||"Arbeitgeber:
MedizInKarlsruhe"||Beginn ab 01.09.2026|[]|[]||12857-10222651-S|https://www.azubi.de/ausbildungsplatz/10222651-p-?utm_campaign=BAG&utm_medium=premiumcpc&utm_source=BAG|
Kaufmann/-frau - Versicherungen und Finanzanlagen||"Arbeitgeber:
VGH Versicherungen"||Beginn ab 01.08.2026|[]|[]||12857-10222647-S|https://www.azubi.de/ausbildungsplatz/10222647-p-?utm_campaign=BAG&utm_medium=premiumcpc&utm_source=BAG|
Kaufmann/-frau - Versicherungen und Finanzanlagen||"Arbeitgeber:
VGH Versicherungen"||Beginn ab 01.08.2026|[]|[]||12857-10222646-S|https://www.azubi.de/ausbildungsplatz/10222646-p-?utm_campaign=BAG&utm_medium=premiumcpc&utm_source=BAG|
Kaufmann/-frau - Versicherungen und Finanzanlagen||"Arbeitgeber:
VGH Versicherungen"||Beginn ab 01.08.2026|[]|[]||12857-10222645-S|https://www.azubi.de/ausbildungsplatz/10222645-p-?utm_campaign=BAG&utm_medium=premiumcpc&utm_source=BAG|
Kaufmann/-frau - Versicherungen und Finanzanlagen||"Arbeitgeber:
VGH Versicherungen"||Beginn ab 01.08.2026|[]|[]||12857-10222644-S|https://www.azubi.de/ausbildungsplatz/10222644-p-?utm_campaign=BAG&utm_medium=premiumcpc&utm_source=BAG|
Kaufmann/-frau - Versicherungen und Finanzanlagen||"Arbeitgeber:
VGH Versicherungen"||Beginn ab 01.08.2026|[]|[]||12857-10222643-S|https://www.azubi.de/ausbildungsplatz/10222643-p-?utm_campaign=BAG&utm_medium=premiumcpc&utm_source=BAG|
Kaufmann/-frau - Versicherungen und Finanzanlagen||"Arbeitgeber:
VGH Versicherungen"||Beginn ab 01.08.2026|[]|[]||12857-10222641-S|https://www.azubi.de/ausbildungsplatz/10222641-p-?utm_campaign=BAG&utm_medium=premiumcpc&utm_source=BAG|
Kaufmann/-frau - Versicherungen und Finanzanlagen||"Arbeitgeber:
VGH Versicherungen"||Beginn ab 01.08.2026|[]|[]||12857-10222640-S|https://www.azubi.de/ausbildungsplatz/10222640-p-?utm_campaign=BAG&utm_medium=premiumcpc&utm_source=BAG|
Kaufmann/-frau - Versicherungen und Finanzanlagen||"Arbeitgeber:
VGH Versicherungen"||Beginn ab 01.08.2026|[]|[]||12857-10222638-S|https://www.azubi.de/ausbildungsplatz/10222638-p-?utm_campaign=BAG&utm_medium=premiumcpc&utm_source=BAG|
Kaufmann/-frau - Versicherungen und Finanzanlagen||"Arbeitgeber:
VGH Versicherungen"||Beginn ab 01.08.2026|[]|[]||12857-10222637-S|https://www.azubi.de/ausbildungsplatz/10222637-p-?utm_campaign=BAG&utm_medium=premiumcpc&utm_source=BAG|
Kaufmann/-frau - Versicherungen und Finanzanlagen||"Arbeitgeber:
VGH Versicherungen"||Beginn ab 01.08.2026|[]|[]||12857-10222635-S|https://www.azubi.de/ausbildungsplatz/10222635-p-?utm_campaign=BAG&utm_medium=premiumcpc&utm_source=BAG|
Immobilienkaufmann/-frau||"Arbeitgeber:
Volkswohnung GmbH"||Beginn ab 01.09.2026|[]|[]||12857-10222632-S|https://www.azubi.de/ausbildungsplatz/10222632-p-?utm_campaign=BAG&utm_medium=premiumcpc&utm_source=BAG|
Fachmann/-frau - Systemgastronomie||"Arbeitgeber:
McDonald's"||Beginn ab 01.09.2025|[]|[]||12857-10218079-S|https://www.azubi.de/ausbildungsplatz/10218079-p-?utm_campaign=BAG&utm_medium=premiumcpc&utm_source=BAG|
Kaufmann/-frau - Einzelhandel||"Arbeitgeber:
Lidl Dienstleistung GmbH & Co. KG"||Beginn ab 01.08.2026|[]|[]||12857-10218078-S|https://www.azubi.de/ausbildungsplatz/10218078-p-?utm_campaign=BAG&utm_medium=premiumcpc&utm_source=BAG|
Verkäufer/in||"Arbeitgeber:
Lidl Dienstleistung GmbH & Co. KG"||Beginn ab 01.08.2026|[]|[]||12857-10218077-S|https://www.azubi.de/ausbildungsplatz/10218077-p-?utm_campaign=BAG&utm_medium=premiumcpc&utm_source=BAG|
Kaufmann/-frau - Einzelhandel||"Arbeitgeber:
Lidl Dienstleistung GmbH & Co. KG"||Beginn ab 01.09.2026|[]|[]||12857-10218076-S|https://www.azubi.de/ausbildungsplatz/10218076-p-?utm_campaign=BAG&utm_medium=premiumcpc&utm_source=BAG|
Kaufmann/-frau - Einzelhandel||"Arbeitgeber:
Lidl Dienstleistung GmbH & Co. KG"||Beginn ab 01.09.2026|[]|[]||12857-10218075-S|https://www.azubi.de/ausbildungsplatz/10218075-p-?utm_campaign=BAG&utm_medium=premiumcpc&utm_source=BAG|
Verkäufer/in||"Arbeitgeber:
Lidl Dienstleistung GmbH & Co. KG"||Beginn ab 01.08.2026|[]|[]||12857-10218074-S|https://www.azubi.de/ausbildungsplatz/10218074-p-?utm_campaign=BAG&utm_medium=premiumcpc&utm_source=BAG|
Kaufmann/-frau - Einzelhandel||"Arbeitgeber:
Lidl Dienstleistung GmbH & Co. KG"||Beginn ab 01.09.2026|[]|[]||12857-10218073-S|https://www.azubi.de/ausbildungsplatz/10218073-p-?utm_campaign=BAG&utm_medium=premiumcpc&utm_source=BAG|
Verkäufer/in||"Arbeitgeber:
Lidl Dienstleistung GmbH & Co. KG"||Beginn ab 01.09.2026|[]|[]||12857-10218072-S|https://www.azubi.de/ausbildungsplatz/10218072-p-?utm_campaign=BAG&utm_medium=premiumcpc&utm_source=BAG|
Verkäufer/in||"Arbeitgeber:
Lidl Dienstleistung GmbH & Co. KG"||Beginn ab 01.08.2026|[]|[]||12857-10218071-S|https://www.azubi.de/ausbildungsplatz/10218071-p-?utm_campaign=BAG&utm_medium=premiumcpc&utm_source=BAG|
Verkäufer/in||"Arbeitgeber:
Lidl Dienstleistung GmbH & Co. KG"||Beginn ab 01.08.2026|[]|[]||12857-10218070-S|https://www.azubi.de/ausbildungsplatz/10218070-p-?utm_campaign=BAG&utm_medium=premiumcpc&utm_source=BAG|
Verkäufer/in||"Arbeitgeber:
Lidl Dienstleistung GmbH & Co. KG"||Beginn ab 01.09.2026|[]|[]||12857-10218069-S|https://www.azubi.de/ausbildungsplatz/10218069-p-?utm_campaign=BAG&utm_medium=premiumcpc&utm_source=BAG|
Verkäufer/in||"Arbeitgeber:
Lidl Dienstleistung GmbH & Co. KG"||Beginn ab 01.08.2026|[]|[]||12857-10218068-S|https://www.azubi.de/ausbildungsplatz/10218068-p-?utm_campaign=BAG&utm_medium=premiumcpc&utm_source=BAG|
Verkäufer/in||"Arbeitgeber:
Lidl Dienstleistung GmbH & Co. KG"||Beginn ab 01.08.2026|[]|[]||12857-10218066-S|https://www.azubi.de/ausbildungsplatz/10218066-p-?utm_campaign=BAG&utm_medium=premiumcpc&utm_source=BAG|
Kaufmann/-frau - Einzelhandel||"Arbeitgeber:
Lidl Dienstleistung GmbH & Co. KG"||Beginn ab 01.09.2026|[]|[]||12857-10218065-S|https://www.azubi.de/ausbildungsplatz/10218065-p-?utm_campaign=BAG&utm_medium=premiumcpc&utm_source=BAG|
Verkäufer/in||"Arbeitgeber:
Lidl Dienstleistung GmbH & Co. KG"||Beginn ab 01.08.2026|[]|[]||12857-10218064-S|https://www.azubi.de/ausbildungsplatz/10218064-p-?utm_campaign=BAG&utm_medium=premiumcpc&utm_source=BAG|
Verkäufer/in||"Arbeitgeber:
Lidl Dienstleistung GmbH & Co. KG"||Beginn ab 01.08.2026|[]|[]||12857-10218063-S|https://www.azubi.de/ausbildungsplatz/10218063-p-?utm_campaign=BAG&utm_medium=premiumcpc&utm_source=BAG|
Verkäufer/in||"Arbeitgeber:
Lidl Dienstleistung GmbH & Co. KG"||Beginn ab 01.08.2026|[]|[]||12857-10218062-S|https://www.azubi.de/ausbildungsplatz/10218062-p-?utm_campaign=BAG&utm_medium=premiumcpc&utm_source=BAG|
Verkäufer/in||"Arbeitgeber:
Lidl Dienstleistung GmbH & Co. KG"||Beginn ab 01.08.2026|[]|[]||12857-10218061-S|https://www.azubi.de/ausbildungsplatz/10218061-p-?utm_campaign=BAG&utm_medium=premiumcpc&utm_source=BAG|
Kaufmann/-frau - Einzelhandel||"Arbeitgeber:
Lidl Dienstleistung GmbH & Co. KG"||Beginn ab 01.08.2026|[]|[]||12857-10218060-S|https://www.azubi.de/ausbildungsplatz/10218060-p-?utm_campaign=BAG&utm_medium=premiumcpc&utm_source=BAG|
Kaufmann/-frau - Einzelhandel||"Arbeitgeber:
Lidl Dienstleistung GmbH & Co. KG"||Beginn ab 01.08.2026|[]|[]||12857-10218059-S|https://www.azubi.de/ausbildungsplatz/10218059-p-?utm_campaign=BAG&utm_medium=premiumcpc&utm_source=BAG|
Kaufmann/-frau - Einzelhandel||"Arbeitgeber:
Lidl Dienstleistung GmbH & Co. KG"||Beginn ab 01.08.2026|[]|[]||12857-10218058-S|https://www.azubi.de/ausbildungsplatz/10218058-p-?utm_campaign=BAG&utm_medium=premiumcpc&utm_source=BAG|
Kaufmann/-frau - Einzelhandel||"Arbeitgeber:
Lidl Dienstleistung GmbH & Co. KG"||Beginn ab 01.08.2026|[]|[]||12857-10218057-S|https://www.azubi.de/ausbildungsplatz/10218057-p-?utm_campaign=BAG&utm_medium=premiumcpc&utm_source=BAG|
Kaufmann/-frau - Einzelhandel||"Arbeitgeber:
Lidl Dienstleistung GmbH & Co. KG"||Beginn ab 01.08.2026|[]|[]||12857-10218056-S|https://www.azubi.de/ausbildungsplatz/10218056-p-?utm_campaign=BAG&utm_medium=premiumcpc&utm_source=BAG|
Kaufmann/-frau - Einzelhandel||"Arbeitgeber:
Lidl Dienstleistung GmbH & Co. KG"||Beginn ab 01.08.2026|[]|[]||12857-10218055-S|https://www.azubi.de/ausbildungsplatz/10218055-p-?utm_campaign=BAG&utm_medium=premiumcpc&utm_source=BAG|
Kaufmann/-frau - Einzelhandel||"Arbeitgeber:
Lidl Dienstleistung GmbH & Co. KG"||Beginn ab 01.08.2026|[]|[]||12857-10218054-S|https://www.azubi.de/ausbildungsplatz/10218054-p-?utm_campaign=BAG&utm_medium=premiumcpc&utm_source=BAG|
Verkäufer/in||"Arbeitgeber:
Lidl Dienstleistung GmbH & Co. KG"||Beginn ab 01.09.2026|[]|[]||12857-10218053-S|https://www.azubi.de/ausbildungsplatz/10218053-p-?utm_campaign=BAG&utm_medium=premiumcpc&utm_source=BAG|
Kaufmann/-frau - Einzelhandel||"Arbeitgeber:
Lidl Dienstleistung GmbH & Co. KG"||Beginn ab 01.08.2026|[]|[]||12857-10218052-S|https://www.azubi.de/ausbildungsplatz/10218052-p-?utm_campaign=BAG&utm_medium=premiumcpc&utm_source=BAG|
Verkäufer/in||"Arbeitgeber:
Lidl Dienstleistung GmbH & Co. KG"||Beginn ab 01.08.2026|[]|[]||12857-10218051-S|https://www.azubi.de/ausbildungsplatz/10218051-p-?utm_campaign=BAG&utm_medium=premiumcpc&utm_source=BAG|
Kaufmann/-frau - Einzelhandel||"Arbeitgeber:
Lidl Dienstleistung GmbH & Co. KG"||Beginn ab 01.08.2026|[]|[]||12857-10218050-S|https://www.azubi.de/ausbildungsplatz/10218050-p-?utm_campaign=BAG&utm_medium=premiumcpc&utm_source=BAG|
Verkäufer/in||"Arbeitgeber:
Lidl Dienstleistung GmbH & Co. KG"||Beginn ab 01.08.2026|[]|[]||12857-10218049-S|https://www.azubi.de/ausbildungsplatz/10218049-p-?utm_campaign=BAG&utm_medium=premiumcpc&utm_source=BAG|
Verkäufer/in||"Arbeitgeber:
Lidl Dienstleistung GmbH & Co. KG"||Beginn ab 01.08.2026|[]|[]||12857-10218048-S|https://www.azubi.de/ausbildungsplatz/10218048-p-?utm_campaign=BAG&utm_medium=premiumcpc&utm_source=BAG|
Verkäufer/in||"Arbeitgeber:
Lidl Dienstleistung GmbH & Co. KG"||Beginn ab 01.08.2026|[]|[]||12857-10218047-S|https://www.azubi.de/ausbildungsplatz/10218047-p-?utm_campaign=BAG&utm_medium=premiumcpc&utm_source=BAG|
Kaufmann/-frau - Einzelhandel||"Arbeitgeber:
Lidl Dienstleistung GmbH & Co. KG"||Beginn ab 01.09.2026|[]|[]||12857-10218046-S|https://www.azubi.de/ausbildungsplatz/10218046-p-?utm_campaign=BAG&utm_medium=premiumcpc&utm_source=BAG|
Kaufmann/-frau - Einzelhandel||"Arbeitgeber:
Lidl Dienstleistung GmbH & Co. KG"||Beginn ab 01.09.2026|[]|[]||12857-10218045-S|https://www.azubi.de/ausbildungsplatz/10218045-p-?utm_campaign=BAG&utm_medium=premiumcpc&utm_source=BAG|
Kaufmann/-frau - Einzelhandel||"Arbeitgeber:
Lidl Dienstleistung GmbH & Co. KG"||Beginn ab 01.08.2026|[]|[]||12857-10218044-S|https://www.azubi.de/ausbildungsplatz/10218044-p-?utm_campaign=BAG&utm_medium=premiumcpc&utm_source=BAG|
Kaufmann/-frau - Einzelhandel||"Arbeitgeber:
Lidl Dienstleistung GmbH & Co. KG"||Beginn ab 01.08.2026|[]|[]||12857-10218043-S|https://www.azubi.de/ausbildungsplatz/10218043-p-?utm_campaign=BAG&utm_medium=premiumcpc&utm_source=BAG|
Kaufmann/-frau - Einzelhandel||"Arbeitgeber:
Lidl Dienstleistung GmbH & Co. KG"||Beginn ab 01.09.2026|[]|[]||12857-10218042-S|https://www.azubi.de/ausbildungsplatz/10218042-p-?utm_campaign=BAG&utm_medium=premiumcpc&utm_source=BAG|
Verkäufer/in||"Arbeitgeber:
Lidl Dienstleistung GmbH & Co. KG"||Beginn ab 01.09.2026|[]|[]||12857-10218041-S|https://www.azubi.de/ausbildungsplatz/10218041-p-?utm_campaign=BAG&utm_medium=premiumcpc&utm_source=BAG|
Verkäufer/in||"Arbeitgeber:
Lidl Dienstleistung GmbH & Co. KG"||Beginn ab 01.09.2026|[]|[]||12857-10218040-S|https://www.azubi.de/ausbildungsplatz/10218040-p-?utm_campaign=BAG&utm_medium=premiumcpc&utm_source=BAG|
Verkäufer/in||"Arbeitgeber:
Lidl Dienstleistung GmbH & Co. KG"||Beginn ab 01.09.2026|[]|[]||12857-10218039-S|https://www.azubi.de/ausbildungsplatz/10218039-p-?utm_campaign=BAG&utm_medium=premiumcpc&utm_source=BAG|
Kaufmann/-frau - Einzelhandel||"Arbeitgeber:
Lidl Dienstleistung GmbH & Co. KG"||Beginn ab 01.09.2026|[]|[]||12857-10218038-S|https://www.azubi.de/ausbildungsplatz/10218038-p-?utm_campaign=BAG&utm_medium=premiumcpc&utm_source=BAG|
Kaufmann/-frau - Einzelhandel||"Arbeitgeber:
Lidl Dienstleistung GmbH & Co. KG"||Beginn ab 01.09.2026|[]|[]||12857-10218037-S|https://www.azubi.de/ausbildungsplatz/10218037-p-?utm_campaign=BAG&utm_medium=premiumcpc&utm_source=BAG|
Kaufmann/-frau - Einzelhandel||"Arbeitgeber:
Lidl Dienstleistung GmbH & Co. KG"||Beginn ab 01.09.2026|[]|[]||12857-10218036-S|https://www.azubi.de/ausbildungsplatz/10218036-p-?utm_campaign=BAG&utm_medium=premiumcpc&utm_source=BAG|
Kaufmann/-frau - Einzelhandel||"Arbeitgeber:
Lidl Dienstleistung GmbH & Co. KG"||Beginn ab 01.09.2026|[]|[]||12857-10218035-S|https://www.azubi.de/ausbildungsplatz/10218035-p-?utm_campaign=BAG&utm_medium=premiumcpc&utm_source=BAG|
Verkäufer/in||"Arbeitgeber:
Lidl Dienstleistung GmbH & Co. KG"||Beginn ab 01.09.2026|[]|[]||12857-10218034-S|https://www.azubi.de/ausbildungsplatz/10218034-p-?utm_campaign=BAG&utm_medium=premiumcpc&utm_source=BAG|
Verkäufer/in||"Arbeitgeber:
Lidl Dienstleistung GmbH & Co. KG"||Beginn ab 01.09.2026|[]|[]||12857-10218033-S|https://www.azubi.de/ausbildungsplatz/10218033-p-?utm_campaign=BAG&utm_medium=premiumcpc&utm_source=BAG|
Verkäufer/in||"Arbeitgeber:
Lidl Dienstleistung GmbH & Co. KG"||Beginn ab 01.09.2026|[]|[]||12857-10218032-S|https://www.azubi.de/ausbildungsplatz/10218032-p-?utm_campaign=BAG&utm_medium=premiumcpc&utm_source=BAG|
Verkäufer/in||"Arbeitgeber:
Lidl Dienstleistung GmbH & Co. KG"||Beginn ab 01.09.2026|[]|[]||12857-10218031-S|https://www.azubi.de/ausbildungsplatz/10218031-p-?utm_campaign=BAG&utm_medium=premiumcpc&utm_source=BAG|
Kaufmann/-frau - Einzelhandel||"Arbeitgeber:
Lidl Dienstleistung GmbH & Co. KG"||Beginn ab 01.08.2026|[]|[]||12857-10218030-S|https://www.azubi.de/ausbildungsplatz/10218030-p-?utm_campaign=BAG&utm_medium=premiumcpc&utm_source=BAG|
Kaufmann/-frau - Einzelhandel||"Arbeitgeber:
Lidl Dienstleistung GmbH & Co. KG"||Beginn ab 01.08.2026|[]|[]||12857-10218029-S|https://www.azubi.de/ausbildungsplatz/10218029-p-?utm_campaign=BAG&utm_medium=premiumcpc&utm_source=BAG|
Verkäufer/in||"Arbeitgeber:
Lidl Dienstleistung GmbH & Co. KG"||Beginn ab 01.08.2026|[]|[]||12857-10218028-S|https://www.azubi.de/ausbildungsplatz/10218028-p-?utm_campaign=BAG&utm_medium=premiumcpc&utm_source=BAG|
Kaufmann/-frau - Einzelhandel||"Arbeitgeber:
Lidl Dienstleistung GmbH & Co. KG"||Beginn ab 01.09.2026|[]|[]||12857-10218027-S|https://www.azubi.de/ausbildungsplatz/10218027-p-?utm_campaign=BAG&utm_medium=premiumcpc&utm_source=BAG|
Kaufmann/-frau - Einzelhandel||"Arbeitgeber:
Lidl Dienstleistung GmbH & Co. KG"||Beginn ab 01.08.2026|[]|[]||12857-10218026-S|https://www.azubi.de/ausbildungsplatz/10218026-p-?utm_campaign=BAG&utm_medium=premiumcpc&utm_source=BAG|
Verkäufer/in||"Arbeitgeber:
Lidl Dienstleistung GmbH & Co. KG"||Beginn ab 01.08.2026|[]|[]||12857-10218025-S|https://www.azubi.de/ausbildungsplatz/10218025-p-?utm_campaign=BAG&utm_medium=premiumcpc&utm_source=BAG|
Verkäufer/in||"Arbeitgeber:
Lidl Dienstleistung GmbH & Co. KG"||Beginn ab 01.09.2026|[]|[]||12857-10218024-S|https://www.azubi.de/ausbildungsplatz/10218024-p-?utm_campaign=BAG&utm_medium=premiumcpc&utm_source=BAG|
Kaufmann/-frau - Einzelhandel||"Arbeitgeber:
Lidl Dienstleistung GmbH & Co. KG"||Beginn ab 01.08.2026|[]|[]||12857-10218023-S|https://www.azubi.de/ausbildungsplatz/10218023-p-?utm_campaign=BAG&utm_medium=premiumcpc&utm_source=BAG|
Verkäufer/in||"Arbeitgeber:
Lidl Dienstleistung GmbH & Co. KG"||Beginn ab 01.08.2026|[]|[]||12857-10218022-S|https://www.azubi.de/ausbildungsplatz/10218022-p-?utm_campaign=BAG&utm_medium=premiumcpc&utm_source=BAG|
Verkäufer/in||"Arbeitgeber:
Lidl Dienstleistung GmbH & Co. KG"||Beginn ab 01.08.2026|[]|[]||12857-10218021-S|https://www.azubi.de/ausbildungsplatz/10218021-p-?utm_campaign=BAG&utm_medium=premiumcpc&utm_source=BAG|
Kaufmann/-frau - Einzelhandel||"Arbeitgeber:
Lidl Dienstleistung GmbH & Co. KG"||Beginn ab 01.08.2026|[]|[]||12857-10218020-S|https://www.azubi.de/ausbildungsplatz/10218020-p-?utm_campaign=BAG&utm_medium=premiumcpc&utm_source=BAG|
Kaufmann/-frau - Einzelhandel||"Arbeitgeber:
Lidl Dienstleistung GmbH & Co. KG"||Beginn ab 01.08.2026|[]|[]||12857-10218019-S|https://www.azubi.de/ausbildungsplatz/10218019-p-?utm_campaign=BAG&utm_medium=premiumcpc&utm_source=BAG|
Verkäufer/in||"Arbeitgeber:
Lidl Dienstleistung GmbH & Co. KG"||Beginn ab 01.08.2026|[]|[]||12857-10218018-S|https://www.azubi.de/ausbildungsplatz/10218018-p-?utm_campaign=BAG&utm_medium=premiumcpc&utm_source=BAG|
Kaufmann/-frau - Einzelhandel||"Arbeitgeber:
Lidl Dienstleistung GmbH & Co. KG"||Beginn ab 01.08.2026|[]|[]||12857-10218017-S|https://www.azubi.de/ausbildungsplatz/10218017-p-?utm_campaign=BAG&utm_medium=premiumcpc&utm_source=BAG|
Kaufmann/-frau - Einzelhandel||"Arbeitgeber:
Lidl Dienstleistung GmbH & Co. KG"||Beginn ab 01.09.2026|[]|[]||12857-10218014-S|https://www.azubi.de/ausbildungsplatz/10218014-p-?utm_campaign=BAG&utm_medium=premiumcpc&utm_source=BAG|
Kaufmann/-frau - Einzelhandel||"Arbeitgeber:
Lidl Dienstleistung GmbH & Co. KG"||Beginn ab 01.09.2026|[]|[]||12857-10218013-S|https://www.azubi.de/ausbildungsplatz/10218013-p-?utm_campaign=BAG&utm_medium=premiumcpc&utm_source=BAG|
Kaufmann/-frau - Einzelhandel||"Arbeitgeber:
Lidl Dienstleistung GmbH & Co. KG"||Beginn ab 01.09.2026|[]|[]||12857-10218012-S|https://www.azubi.de/ausbildungsplatz/10218012-p-?utm_campaign=BAG&utm_medium=premiumcpc&utm_source=BAG|
Verkäufer/in||"Arbeitgeber:
Lidl Dienstleistung GmbH & Co. KG"||Beginn ab 01.09.2026|[]|[]||12857-10218011-S|https://www.azubi.de/ausbildungsplatz/10218011-p-?utm_campaign=BAG&utm_medium=premiumcpc&utm_source=BAG|
Verkäufer/in||"Arbeitgeber:
Lidl Dienstleistung GmbH & Co. KG"||Beginn ab 01.09.2026|[]|[]||12857-10218010-S|https://www.azubi.de/ausbildungsplatz/10218010-p-?utm_campaign=BAG&utm_medium=premiumcpc&utm_source=BAG|
Verkäufer/in||"Arbeitgeber:
Lidl Dienstleistung GmbH & Co. KG"||Beginn ab 01.09.2026|[]|[]||12857-10218009-S|https://www.azubi.de/ausbildungsplatz/10218009-p-?utm_campaign=BAG&utm_medium=premiumcpc&utm_source=BAG|
Verkäufer/in||"Arbeitgeber:
Lidl Dienstleistung GmbH & Co. KG"||Beginn ab 01.09.2026|[]|[]||12857-10218008-S|https://www.azubi.de/ausbildungsplatz/10218008-p-?utm_campaign=BAG&utm_medium=premiumcpc&utm_source=BAG|
Kaufmann/-frau - Einzelhandel||"Arbeitgeber:
Lidl Dienstleistung GmbH & Co. KG"||Beginn ab 01.08.2026|[]|[]||12857-10218007-S|https://www.azubi.de/ausbildungsplatz/10218007-p-?utm_campaign=BAG&utm_medium=premiumcpc&utm_source=BAG|
Kaufmann/-frau - Einzelhandel||"Arbeitgeber:
Lidl Dienstleistung GmbH & Co. KG"||Beginn ab 01.08.2026|[]|[]||12857-10218006-S|https://www.azubi.de/ausbildungsplatz/10218006-p-?utm_campaign=BAG&utm_medium=premiumcpc&utm_source=BAG|
Kaufmann/-frau - Einzelhandel||"Arbeitgeber:
Lidl Dienstleistung GmbH & Co. KG"||Beginn ab 01.08.2026|[]|[]||12857-10218005-S|https://www.azubi.de/ausbildungsplatz/10218005-p-?utm_campaign=BAG&utm_medium=premiumcpc&utm_source=BAG|
Kaufmann/-frau - Einzelhandel||"Arbeitgeber:
Lidl Dienstleistung GmbH & Co. KG"||Beginn ab 01.08.2026|[]|[]||12857-10218004-S|https://www.azubi.de/ausbildungsplatz/10218004-p-?utm_campaign=BAG&utm_medium=premiumcpc&utm_source=BAG|
Kaufmann/-frau - Einzelhandel||"Arbeitgeber:
Lidl Dienstleistung GmbH & Co. KG"||Beginn ab 01.08.2026|[]|[]||12857-10218003-S|https://www.azubi.de/ausbildungsplatz/10218003-p-?utm_campaign=BAG&utm_medium=premiumcpc&utm_source=BAG|
Verkäufer/in||"Arbeitgeber:
Lidl Dienstleistung GmbH & Co. KG"||Beginn ab 01.09.2026|[]|[]||12857-10218002-S|https://www.azubi.de/ausbildungsplatz/10218002-p-?utm_campaign=BAG&utm_medium=premiumcpc&utm_source=BAG|
Verkäufer/in||"Arbeitgeber:
Lidl Dienstleistung GmbH & Co. KG"||Beginn ab 01.09.2026|[]|[]||12857-10218001-S|https://www.azubi.de/ausbildungsplatz/10218001-p-?utm_campaign=BAG&utm_medium=premiumcpc&utm_source=BAG|
